,Alfred,Mandy,Lenny,Joan,Tino,F1,F2
Michael Jackson,3.0,,2.0,3.0,1.0,-0.3740128068233985,0.15866905093292114
Clint Black,4.0,9.0,5.0,,1.0,0.07348988900157775,1.616898628605668
Dropdead,,,8.0,9.0,,-0.046232705307912375,0.1501501079010286
Anti-Cimex,4.0,3.0,9.0,4.0,9.0,1.5794519332154964,-0.42650191678254434
Cardi B,4.0,8.0,,9.0,5.0,0.28183563465127526,0.632869023611008
